kinase,top1_count_generic,top1_pct_generic,rank_generic
VRK3,6397,0.9258937617600231,1
WNK4,311,0.045013750180923434,2
VRK1,190,0.027500361846866408,3
UHMK1,7,0.0010131712259371835,4
TYK2,4,0.000578954986249819,5
