kinase,top1_count_liver,top1_pct_liver,rank_liver
VRK2,6844,0.9905919814734404,1
ZAP70,36,0.005210594876248371,2
VRK1,29,0.004197423650311188,3
