kinase,top1_count_generic,top1_pct_generic,rank_generic,top1_count_liver,top1_pct_liver,rank_liver,count_delta_liver_minus_generic
VRK2,0,0.0,0.0,6844,0.9905919814734404,1.0,6844
ZAP70,0,0.0,0.0,36,0.005210594876248371,2.0,36
VRK1,190,0.027500361846866408,3.0,29,0.004197423650311188,3.0,-161
TYK2,4,0.000578954986249819,5.0,0,0.0,0.0,-4
UHMK1,7,0.0010131712259371835,4.0,0,0.0,0.0,-7
VRK3,6397,0.9258937617600231,1.0,0,0.0,0.0,-6397
WNK4,311,0.045013750180923434,2.0,0,0.0,0.0,-311
