kinase_node_id,kinase,n_substrates_in_dataset,mean_substrate_fc,global_mean_fc,ksea_score,p_value,adj_p_value
PROTEIN:IRAK4,IRAK4,13,0.368932045718613,0.5786213632430282,-0.6892512193141348,0.24533259483573283,0.24533259483573283
PROTEIN:TTK,TTK,151,0.3535106270282654,0.5786213632430282,-2.521820917326011,0.0058374563950893904,0.011674912790178781
