kinase_node_id,kinase,n_substrates_in_dataset,mean_substrate_fc,global_mean_fc,ksea_score,p_value,adj_p_value
PROTEIN:PIK3R1,PIK3R1,164,0.3547330565585979,0.5786213632430282,-2.6138634525548734,0.004476240392064935,0.004476240392064935
