kinase_node_id,kinase,n_substrates_in_dataset,mean_substrate_fc,global_mean_fc,ksea_score,p_value,adj_p_value
PROTEIN:TTK,TTK,151,0.3535106270282654,0.5786213632430282,-0.001359091892455368,0.4994578009480675,0.4994578009480675
PROTEIN:IRAK4,IRAK4,13,0.368932045718613,0.5786213632430282,-0.01470491486930881,0.4941337991422133,0.4994578009480675
