kinase_node_id,kinase,n_substrates_in_dataset,mean_substrate_fc,global_mean_fc,ksea_score,p_value,adj_p_value
PROTEIN:PIK3R1,PIK3R1,164,0.3547330565585978,0.5786213632430282,-0.001244563684294618,0.4995034910538597,0.4995034910538597
